"FullName","Length","LastWriteTime"
"C:\Users\ThaMain1\IntelliOptics\_inventory\all_files.csv","0","8/26/2025 10:11:20 PM"
"C:\Users\ThaMain1\IntelliOptics\_inventory\git_ignored.txt","0","8/26/2025 10:09:30 PM"
"C:\Users\ThaMain1\IntelliOptics\_inventory\git_tracked.txt","9011","8/26/2025 10:09:30 PM"
"C:\Users\ThaMain1\IntelliOptics\_inventory\git_untracked.txt","4002","8/26/2025 10:09:30 PM"
"C:\Users\ThaMain1\IntelliOptics\_inventory\largest_50.txt","8792","8/26/2025 10:09:30 PM"
"C:\Users\ThaMain1\IntelliOptics\_inventory\tree.txt","17918","8/26/2025 10:09:30 PM"
"C:\Users\ThaMain1\IntelliOptics\.github\workflows\api-deploy.yml","727","8/14/2025 6:49:21 PM"
"C:\Users\ThaMain1\IntelliOptics\.github\workflows\deploy-storage-website.yml","1453","8/14/2025 12:34:42 PM"
"C:\Users\ThaMain1\IntelliOptics\.github\workflows\python-sdk.yml","728","8/14/2025 10:58:53 AM"
"C:\Users\ThaMain1\IntelliOptics\.gitignore","73","8/15/2025 5:54:12 AM"
"C:\Users\ThaMain1\IntelliOptics\aci-worker-debug.yaml","4146","8/25/2025 9:58:30 AM"
"C:\Users\ThaMain1\IntelliOptics\aci-worker-run.yaml","1715","8/24/2025 9:38:47 PM"
"C:\Users\ThaMain1\IntelliOptics\aci-worker.yaml","3302","8/24/2025 9:17:24 AM"
"C:\Users\ThaMain1\IntelliOptics\api\app\__init__.py","0","8/14/2025 2:11:08 PM"
"C:\Users\ThaMain1\IntelliOptics\api\app\main.py","7811","8/14/2025 9:25:50 PM"
"C:\Users\ThaMain1\IntelliOptics\api\runtime.txt","16","8/14/2025 1:11:54 PM"
"C:\Users\ThaMain1\IntelliOptics\app.zip","11783972","8/15/2025 6:38:53 AM"
"C:\Users\ThaMain1\IntelliOptics\Azure\intellioptics_oneclick_bootstrap.sh","32203","8/18/2025 9:18:50 AM"
"C:\Users\ThaMain1\IntelliOptics\Azure\intellioptics-oneclick.zip","18193","8/18/2025 9:18:53 AM"
"C:\Users\ThaMain1\IntelliOptics\Azure\intellioptics-oneclick\.deployment","28","8/21/2025 6:26:12 AM"
"C:\Users\ThaMain1\IntelliOptics\Azure\intellioptics-oneclick\.env","3995","8/19/2025 2:19:39 PM"
"C:\Users\ThaMain1\IntelliOptics\Azure\intellioptics-oneclick\.env.example","801","8/18/2025 9:18:50 AM"
"C:\Users\ThaMain1\IntelliOptics\Azure\intellioptics-oneclick\.github\workflows\api-ci.yml","1795","8/18/2025 9:18:52 AM"
"C:\Users\ThaMain1\IntelliOptics\Azure\intellioptics-oneclick\.github\workflows\worker-ci.yml","1560","8/18/2025 9:18:52 AM"
"C:\Users\ThaMain1\IntelliOptics\Azure\intellioptics-oneclick\.gitignore","62","8/18/2025 9:18:50 AM"
"C:\Users\ThaMain1\IntelliOptics\Azure\intellioptics-oneclick\backend\.dockerignore","103","8/19/2025 8:01:02 AM"
"C:\Users\ThaMain1\IntelliOptics\Azure\intellioptics-oneclick\backend\app\__init__.py","8","8/18/2025 9:18:51 AM"
"C:\Users\ThaMain1\IntelliOptics\Azure\intellioptics-oneclick\backend\app\auth.py","145","8/18/2025 9:18:51 AM"
"C:\Users\ThaMain1\IntelliOptics\Azure\intellioptics-oneclick\backend\app\clients\__init__.py","8","8/18/2025 9:18:51 AM"
"C:\Users\ThaMain1\IntelliOptics\Azure\intellioptics-oneclick\backend\app\clients\intellioptics_client.py","424","8/21/2025 7:54:18 AM"
"C:\Users\ThaMain1\IntelliOptics\Azure\intellioptics-oneclick\backend\app\clients\intellioptics_client.py.bak","422","8/18/2025 7:21:12 PM"
"C:\Users\ThaMain1\IntelliOptics\Azure\intellioptics-oneclick\backend\app\config.py","1365","8/18/2025 9:18:51 AM"
"C:\Users\ThaMain1\IntelliOptics\Azure\intellioptics-oneclick\backend\app\db.py","580","8/18/2025 9:18:51 AM"
"C:\Users\ThaMain1\IntelliOptics\Azure\intellioptics-oneclick\backend\app\features\__init__.py","8","8/18/2025 9:18:52 AM"
"C:\Users\ThaMain1\IntelliOptics\Azure\intellioptics-oneclick\backend\app\features\alerts.py","574","8/20/2025 8:21:22 AM"
"C:\Users\ThaMain1\IntelliOptics\Azure\intellioptics-oneclick\backend\app\features\alerts.py.bak","553","8/18/2025 9:18:52 AM"
"C:\Users\ThaMain1\IntelliOptics\Azure\intellioptics-oneclick\backend\app\features\detectors.py","4495","8/26/2025 8:35:53 PM"
"C:\Users\ThaMain1\IntelliOptics\Azure\intellioptics-oneclick\backend\app\logsetup.py","2205","8/19/2025 9:57:01 AM"
"C:\Users\ThaMain1\IntelliOptics\Azure\intellioptics-oneclick\backend\app\main.py","13871","8/23/2025 9:39:04 AM"
"C:\Users\ThaMain1\IntelliOptics\Azure\intellioptics-oneclick\backend\app\main.py.addrouter.bak","14543","8/21/2025 11:20:22 AM"
"C:\Users\ThaMain1\IntelliOptics\Azure\intellioptics-oneclick\backend\app\main.py.bak","14094","8/21/2025 10:23:13 AM"
"C:\Users\ThaMain1\IntelliOptics\Azure\intellioptics-oneclick\backend\app\main.py.bak_fix","14520","8/21/2025 10:54:32 AM"
"C:\Users\ThaMain1\IntelliOptics\Azure\intellioptics-oneclick\backend\app\main.py.bak2","14142","8/21/2025 10:43:25 AM"
"C:\Users\ThaMain1\IntelliOptics\Azure\intellioptics-oneclick\backend\app\main.py.fixbak","14593","8/21/2025 10:46:56 AM"
"C:\Users\ThaMain1\IntelliOptics\Azure\intellioptics-oneclick\backend\app\migrations.py","1558","8/18/2025 9:18:51 AM"
"C:\Users\ThaMain1\IntelliOptics\Azure\intellioptics-oneclick\backend\app\models.py","1557","8/18/2025 8:28:06 PM"
"C:\Users\ThaMain1\IntelliOptics\Azure\intellioptics-oneclick\backend\app\queues\__init__.py","8","8/18/2025 9:18:51 AM"
"C:\Users\ThaMain1\IntelliOptics\Azure\intellioptics-oneclick\backend\app\queues\servicebus.py","2410","8/19/2025 9:07:42 AM"
"C:\Users\ThaMain1\IntelliOptics\Azure\intellioptics-oneclick\backend\app\schemas.py","601","8/18/2025 9:18:51 AM"
"C:\Users\ThaMain1\IntelliOptics\Azure\intellioptics-oneclick\backend\app\storage\__init__.py","8","8/18/2025 9:18:51 AM"
"C:\Users\ThaMain1\IntelliOptics\Azure\intellioptics-oneclick\backend\app\storage\blob.py","4964","8/19/2025 1:49:45 PM"
"C:\Users\ThaMain1\IntelliOptics\Azure\intellioptics-oneclick\backend\Dockerfile","1275","8/19/2025 7:57:44 AM"
"C:\Users\ThaMain1\IntelliOptics\Azure\intellioptics-oneclick\backend\intellioptics\__init__.py","170","8/21/2025 7:46:42 AM"
"C:\Users\ThaMain1\IntelliOptics\Azure\intellioptics-oneclick\backend\intellioptics\__pycache__\__init__.cpython-313.pyc","300","8/14/2025 6:49:21 PM"
"C:\Users\ThaMain1\IntelliOptics\Azure\intellioptics-oneclick\backend\intellioptics\__pycache__\client.cpython-313.pyc","6317","8/14/2025 6:49:21 PM"
"C:\Users\ThaMain1\IntelliOptics\Azure\intellioptics-oneclick\backend\intellioptics\__pycache__\exceptions.cpython-313.pyc","721","8/14/2025 6:49:21 PM"
"C:\Users\ThaMain1\IntelliOptics\Azure\intellioptics-oneclick\backend\intellioptics\__pycache__\types.cpython-313.pyc","1216","8/14/2025 6:49:21 PM"
"C:\Users\ThaMain1\IntelliOptics\Azure\intellioptics-oneclick\backend\intellioptics\client.py","3934","8/14/2025 1:02:54 PM"
"C:\Users\ThaMain1\IntelliOptics\Azure\intellioptics-oneclick\backend\intellioptics\exceptions.py","126","8/14/2025 1:02:54 PM"
"C:\Users\ThaMain1\IntelliOptics\Azure\intellioptics-oneclick\backend\intellioptics\experimental.py","213","8/14/2025 10:44:38 AM"
"C:\Users\ThaMain1\IntelliOptics\Azure\intellioptics-oneclick\backend\intellioptics\intellioptics\__init__.py","125","8/14/2025 1:02:54 PM"
"C:\Users\ThaMain1\IntelliOptics\Azure\intellioptics-oneclick\backend\intellioptics\intellioptics\__pycache__\__init__.cpython-313.pyc","300","8/14/2025 6:49:21 PM"
"C:\Users\ThaMain1\IntelliOptics\Azure\intellioptics-oneclick\backend\intellioptics\intellioptics\__pycache__\client.cpython-313.pyc","6317","8/14/2025 6:49:21 PM"
"C:\Users\ThaMain1\IntelliOptics\Azure\intellioptics-oneclick\backend\intellioptics\intellioptics\__pycache__\exceptions.cpython-313.pyc","721","8/14/2025 6:49:21 PM"
"C:\Users\ThaMain1\IntelliOptics\Azure\intellioptics-oneclick\backend\intellioptics\intellioptics\__pycache__\types.cpython-313.pyc","1216","8/14/2025 6:49:21 PM"
"C:\Users\ThaMain1\IntelliOptics\Azure\intellioptics-oneclick\backend\intellioptics\intellioptics\client.py","3934","8/14/2025 1:02:54 PM"
"C:\Users\ThaMain1\IntelliOptics\Azure\intellioptics-oneclick\backend\intellioptics\intellioptics\exceptions.py","126","8/14/2025 1:02:54 PM"
"C:\Users\ThaMain1\IntelliOptics\Azure\intellioptics-oneclick\backend\intellioptics\intellioptics\types.py","461","8/14/2025 1:02:54 PM"
"C:\Users\ThaMain1\IntelliOptics\Azure\intellioptics-oneclick\backend\intellioptics\types.py","461","8/14/2025 1:02:54 PM"
"C:\Users\ThaMain1\IntelliOptics\Azure\intellioptics-oneclick\backend\requirements.txt","214","8/21/2025 8:58:25 AM"
"C:\Users\ThaMain1\IntelliOptics\Azure\intellioptics-oneclick\backend\runtime.txt","11","8/21/2025 7:08:18 AM"
"C:\Users\ThaMain1\IntelliOptics\Azure\intellioptics-oneclick\deploy\aci-worker.sh","1330","8/18/2025 9:18:51 AM"
"C:\Users\ThaMain1\IntelliOptics\Azure\intellioptics-oneclick\deploy\appservice-api.sh","1510","8/18/2025 9:18:51 AM"
"C:\Users\ThaMain1\IntelliOptics\Azure\intellioptics-oneclick\deploy\common.sh","484","8/18/2025 9:18:51 AM"
"C:\Users\ThaMain1\IntelliOptics\Azure\intellioptics-oneclick\deploy\install.ps1","95","8/18/2025 9:18:51 AM"
"C:\Users\ThaMain1\IntelliOptics\Azure\intellioptics-oneclick\deploy\install.sh","139","8/18/2025 9:40:51 AM"
"C:\Users\ThaMain1\IntelliOptics\Azure\intellioptics-oneclick\deploy\provision.sh","1226","8/18/2025 9:18:51 AM"
"C:\Users\ThaMain1\IntelliOptics\Azure\intellioptics-oneclick\README.md","813","8/18/2025 9:18:50 AM"
"C:\Users\ThaMain1\IntelliOptics\Azure\intellioptics-oneclick\requirements.txt","226","8/21/2025 6:04:27 AM"
"C:\Users\ThaMain1\IntelliOptics\Azure\intellioptics-oneclick\worker-shim\db.py","542","8/18/2025 9:18:52 AM"
"C:\Users\ThaMain1\IntelliOptics\Azure\intellioptics-oneclick\worker-shim\Dockerfile","557","8/18/2025 5:14:51 PM"
"C:\Users\ThaMain1\IntelliOptics\Azure\intellioptics-oneclick\worker-shim\models.py","1042","8/18/2025 7:33:10 PM"
"C:\Users\ThaMain1\IntelliOptics\Azure\intellioptics-oneclick\worker-shim\worker.py","5065","8/18/2025 9:18:52 AM"
"C:\Users\ThaMain1\IntelliOptics\create_detector_rest.py","480","8/26/2025 7:46:05 PM"
"C:\Users\ThaMain1\IntelliOptics\create_detector.py","394","8/26/2025 7:44:11 PM"
"C:\Users\ThaMain1\IntelliOptics\docs\python-sdk\api-reference-docs\_sources\index.rst.txt","335","8/14/2025 10:58:53 AM"
"C:\Users\ThaMain1\IntelliOptics\docs\python-sdk\api-reference-docs\_sources\models.rst.txt","717","8/14/2025 10:58:53 AM"
"C:\Users\ThaMain1\IntelliOptics\docs\python-sdk\api-reference-docs\_static\_sphinx_javascript_frameworks_compat.js@v=2cd50e6c","4412","8/14/2025 10:58:53 AM"
"C:\Users\ThaMain1\IntelliOptics\docs\python-sdk\api-reference-docs\_static\autodoc_pydantic.css","191","8/14/2025 10:58:53 AM"
"C:\Users\ThaMain1\IntelliOptics\docs\python-sdk\api-reference-docs\_static\css\fonts\fontawesome-webfont.eot@674f50d287a8c48dc19ba404d20fe713","165742","8/14/2025 10:58:53 AM"
"C:\Users\ThaMain1\IntelliOptics\docs\python-sdk\api-reference-docs\_static\css\fonts\fontawesome-webfont.eot@674f50d287a8c48dc19ba404d20fe713%3F","165742","8/14/2025 10:58:53 AM"
"C:\Users\ThaMain1\IntelliOptics\docs\python-sdk\api-reference-docs\_static\css\fonts\fontawesome-webfont.svg@912ec66d7572ff821749319396470bde","447050","8/14/2025 10:58:53 AM"
"C:\Users\ThaMain1\IntelliOptics\docs\python-sdk\api-reference-docs\_static\css\fonts\fontawesome-webfont.ttf@b06871f281fee6b241d60582ae9369b9","165548","8/14/2025 10:58:53 AM"
"C:\Users\ThaMain1\IntelliOptics\docs\python-sdk\api-reference-docs\_static\css\fonts\fontawesome-webfont.woff@fee66e712a8a08eef5805a46892932ad","98024","8/14/2025 10:58:53 AM"
"C:\Users\ThaMain1\IntelliOptics\docs\python-sdk\api-reference-docs\_static\css\fonts\fontawesome-webfont.woff2@af7ae505a9eed503f8b8e6982036873e","77160","8/14/2025 10:58:53 AM"
"C:\Users\ThaMain1\IntelliOptics\docs\python-sdk\api-reference-docs\_static\css\fonts\lato-bold-italic.woff@9c7e4e9eb485b4a121c760e61bc3707c","323344","8/14/2025 10:58:53 AM"
"C:\Users\ThaMain1\IntelliOptics\docs\python-sdk\api-reference-docs\_static\css\fonts\lato-bold-italic.woff2@0b6bb6725576b072c5d0b02ecdd1900d","193308","8/14/2025 10:58:53 AM"
"C:\Users\ThaMain1\IntelliOptics\docs\python-sdk\api-reference-docs\_static\css\fonts\lato-bold.woff@d878b6c29b10beca227e9eef4246111b","309728","8/14/2025 10:58:53 AM"
"C:\Users\ThaMain1\IntelliOptics\docs\python-sdk\api-reference-docs\_static\css\fonts\lato-bold.woff2@cccb897485813c7c256901dbca54ecf2","184912","8/14/2025 10:58:53 AM"
"C:\Users\ThaMain1\IntelliOptics\docs\python-sdk\api-reference-docs\_static\css\fonts\lato-normal-italic.woff@f28f2d6482446544ef1ea1ccc6dd5892","328412","8/14/2025 10:58:53 AM"
"C:\Users\ThaMain1\IntelliOptics\docs\python-sdk\api-reference-docs\_static\css\fonts\lato-normal-italic.woff2@4eb103b4d12be57cb1d040ed5e162e9d","195704","8/14/2025 10:58:53 AM"
"C:\Users\ThaMain1\IntelliOptics\docs\python-sdk\api-reference-docs\_static\css\fonts\lato-normal.woff@27bd77b9162d388cb8d4c4217c7c5e2a","309192","8/14/2025 10:58:53 AM"
"C:\Users\ThaMain1\IntelliOptics\docs\python-sdk\api-reference-docs\_static\css\fonts\lato-normal.woff2@bd03a2cc277bbbc338d464e679fe9942","182708","8/14/2025 10:58:53 AM"
"C:\Users\ThaMain1\IntelliOptics\docs\python-sdk\api-reference-docs\_static\css\fonts\Roboto-Slab-Bold.woff@bed5564a116b05148e3b3bea6fb1162a","87624","8/14/2025 10:58:53 AM"
"C:\Users\ThaMain1\IntelliOptics\docs\python-sdk\api-reference-docs\_static\css\fonts\Roboto-Slab-Bold.woff2@9984f4a9bda09be08e83f2506954adbe","67312","8/14/2025 10:58:53 AM"
"C:\Users\ThaMain1\IntelliOptics\docs\python-sdk\api-reference-docs\_static\css\fonts\Roboto-Slab-Regular.woff@c1be9284088d487c5e3ff0a10a92e58c","86288","8/14/2025 10:58:53 AM"
"C:\Users\ThaMain1\IntelliOptics\docs\python-sdk\api-reference-docs\_static\css\fonts\Roboto-Slab-Regular.woff2@7abf5b8d04d26a2cafea937019bca958","66444","8/14/2025 10:58:53 AM"
"C:\Users\ThaMain1\IntelliOptics\docs\python-sdk\api-reference-docs\_static\css\theme.css","135288","8/14/2025 10:58:53 AM"
"C:\Users\ThaMain1\IntelliOptics\docs\python-sdk\api-reference-docs\_static\doctools.js@v=9a2dae69","4628","8/14/2025 10:58:53 AM"
"C:\Users\ThaMain1\IntelliOptics\docs\python-sdk\api-reference-docs\_static\documentation_options.js@v=2753bf86","341","8/14/2025 10:58:53 AM"
"C:\Users\ThaMain1\IntelliOptics\docs\python-sdk\api-reference-docs\_static\jquery.js@v=5d32c60e","89503","8/14/2025 10:58:53 AM"
"C:\Users\ThaMain1\IntelliOptics\docs\python-sdk\api-reference-docs\_static\js\theme.js","5023","8/14/2025 10:58:53 AM"
"C:\Users\ThaMain1\IntelliOptics\docs\python-sdk\api-reference-docs\_static\language_data.js","4957","8/14/2025 10:58:53 AM"
"C:\Users\ThaMain1\IntelliOptics\docs\python-sdk\api-reference-docs\_static\pygments.css","4922","8/14/2025 10:58:53 AM"
"C:\Users\ThaMain1\IntelliOptics\docs\python-sdk\api-reference-docs\_static\searchtools.js","21350","8/14/2025 10:58:53 AM"
"C:\Users\ThaMain1\IntelliOptics\docs\python-sdk\api-reference-docs\_static\sphinx_highlight.js@v=dc90522c","5277","8/14/2025 10:58:53 AM"
"C:\Users\ThaMain1\IntelliOptics\docs\python-sdk\api-reference-docs\genindex.html","22593","8/14/2025 10:58:53 AM"
"C:\Users\ThaMain1\IntelliOptics\docs\python-sdk\api-reference-docs\index.html","6876","8/14/2025 10:58:53 AM"
"C:\Users\ThaMain1\IntelliOptics\docs\python-sdk\api-reference-docs\models.html","623156","8/14/2025 10:58:53 AM"
"C:\Users\ThaMain1\IntelliOptics\docs\python-sdk\api-reference-docs\search.html","4372","8/14/2025 10:58:53 AM"
"C:\Users\ThaMain1\IntelliOptics\fourward\intellioptics\__init__.py","0","8/13/2025 3:09:01 PM"
"C:\Users\ThaMain1\IntelliOptics\fourward\intellioptics\client.py","3901","8/14/2025 10:58:53 AM"
"C:\Users\ThaMain1\IntelliOptics\fourward\intellioptics\config.py","77","8/13/2025 3:09:01 PM"
"C:\Users\ThaMain1\IntelliOptics\fourward\intellioptics\exceptions.py","217","8/13/2025 3:09:01 PM"
"C:\Users\ThaMain1\IntelliOptics\fourward\intellioptics\experimental.py","213","8/14/2025 10:44:38 AM"
"C:\Users\ThaMain1\IntelliOptics\fourward\intellioptics\models.py","482","8/14/2025 10:58:53 AM"
"C:\Users\ThaMain1\IntelliOptics\intellioptics_sdk_bootstrap.ps1","1571","8/18/2025 12:20:31 PM"
"C:\Users\ThaMain1\IntelliOptics\intellioptics_sdk_zip.ps1","1451","8/18/2025 2:53:35 PM"
"C:\Users\ThaMain1\IntelliOptics\intellioptics_sdk\intellioptics_sdk_zip.ps1","11035","8/18/2025 1:55:47 PM"
"C:\Users\ThaMain1\IntelliOptics\intellioptics-python-sdk.zip","4548","8/18/2025 4:17:42 PM"
"C:\Users\ThaMain1\IntelliOptics\intellioptics-python-sdk\.github\workflows\ci.yml","389","8/18/2025 4:17:42 PM"
"C:\Users\ThaMain1\IntelliOptics\intellioptics-python-sdk\.gitignore","53","8/18/2025 4:17:42 PM"
"C:\Users\ThaMain1\IntelliOptics\intellioptics-python-sdk\.pytest_cache\.gitignore","39","8/18/2025 4:31:44 PM"
"C:\Users\ThaMain1\IntelliOptics\intellioptics-python-sdk\.pytest_cache\CACHEDIR.TAG","191","8/18/2025 4:31:44 PM"
"C:\Users\ThaMain1\IntelliOptics\intellioptics-python-sdk\.pytest_cache\README.md","310","8/18/2025 4:31:44 PM"
"C:\Users\ThaMain1\IntelliOptics\intellioptics-python-sdk\.pytest_cache\v\cache\nodeids","63","8/18/2025 4:31:44 PM"
"C:\Users\ThaMain1\IntelliOptics\intellioptics-python-sdk\dist\intellioptics-0.1.0-py3-none-any.whl","4080","8/18/2025 4:33:21 PM"
"C:\Users\ThaMain1\IntelliOptics\intellioptics-python-sdk\dist\intellioptics-0.1.0.tar.gz","3230","8/18/2025 4:33:18 PM"
"C:\Users\ThaMain1\IntelliOptics\intellioptics-python-sdk\pyproject.toml","585","8/18/2025 4:27:13 PM"
"C:\Users\ThaMain1\IntelliOptics\intellioptics-python-sdk\README.md","415","8/18/2025 4:17:42 PM"
"C:\Users\ThaMain1\IntelliOptics\intellioptics-python-sdk\src\intellioptics\__init__.py","397","8/18/2025 4:17:42 PM"
"C:\Users\ThaMain1\IntelliOptics\intellioptics-python-sdk\src\intellioptics\__pycache__\__init__.cpython-313.pyc","574","8/18/2025 4:31:44 PM"
"C:\Users\ThaMain1\IntelliOptics\intellioptics-python-sdk\src\intellioptics\__pycache__\client.cpython-313.pyc","10985","8/18/2025 4:31:44 PM"
"C:\Users\ThaMain1\IntelliOptics\intellioptics-python-sdk\src\intellioptics\__pycache__\exceptions.cpython-313.pyc","1317","8/18/2025 4:31:44 PM"
"C:\Users\ThaMain1\IntelliOptics\intellioptics-python-sdk\src\intellioptics\__pycache__\models.cpython-313.pyc","1252","8/18/2025 4:31:44 PM"
"C:\Users\ThaMain1\IntelliOptics\intellioptics-python-sdk\src\intellioptics\client.py","6024","8/18/2025 4:17:42 PM"
"C:\Users\ThaMain1\IntelliOptics\intellioptics-python-sdk\src\intellioptics\exceptions.py","352","8/18/2025 4:17:42 PM"
"C:\Users\ThaMain1\IntelliOptics\intellioptics-python-sdk\src\intellioptics\models.py","492","8/18/2025 4:17:42 PM"
"C:\Users\ThaMain1\IntelliOptics\intellioptics-python-sdk\tests\__pycache__\test_client.cpython-313-pytest-8.4.1.pyc","2800","8/18/2025 4:31:44 PM"
"C:\Users\ThaMain1\IntelliOptics\intellioptics-python-sdk\tests\test_client.py","570","8/18/2025 4:17:42 PM"
"C:\Users\ThaMain1\IntelliOptics\IntelliOptics\.gitignore","10","8/14/2025 12:31:26 PM"
"C:\Users\ThaMain1\IntelliOptics\IntelliOptics\api-package.zip","2881","8/14/2025 6:49:22 PM"
"C:\Users\ThaMain1\IntelliOptics\IntelliOptics\api\app\__init__.py","0","8/14/2025 2:11:10 PM"
"C:\Users\ThaMain1\IntelliOptics\IntelliOptics\api\app\main.py","7811","8/14/2025 9:25:52 PM"
"C:\Users\ThaMain1\IntelliOptics\IntelliOptics\api\app\requirements.txt","209","8/21/2025 6:03:25 AM"
"C:\Users\ThaMain1\IntelliOptics\IntelliOptics\api\runtime.txt","16","8/14/2025 1:11:56 PM"
"C:\Users\ThaMain1\IntelliOptics\IntelliOptics\docs\python-sdk\api-reference-docs\_sources\index.rst.txt","335","8/14/2025 10:58:54 AM"
"C:\Users\ThaMain1\IntelliOptics\IntelliOptics\docs\python-sdk\api-reference-docs\_sources\models.rst.txt","717","8/14/2025 10:58:54 AM"
"C:\Users\ThaMain1\IntelliOptics\IntelliOptics\docs\python-sdk\api-reference-docs\_static\_sphinx_javascript_frameworks_compat.js@v=2cd50e6c","4412","8/14/2025 10:58:54 AM"
"C:\Users\ThaMain1\IntelliOptics\IntelliOptics\docs\python-sdk\api-reference-docs\_static\autodoc_pydantic.css","191","8/14/2025 10:58:54 AM"
"C:\Users\ThaMain1\IntelliOptics\IntelliOptics\docs\python-sdk\api-reference-docs\_static\css\fonts\fontawesome-webfont.eot@674f50d287a8c48dc19ba404d20fe713","165742","8/14/2025 10:58:54 AM"
"C:\Users\ThaMain1\IntelliOptics\IntelliOptics\docs\python-sdk\api-reference-docs\_static\css\fonts\fontawesome-webfont.eot@674f50d287a8c48dc19ba404d20fe713%3F","165742","8/14/2025 10:58:54 AM"
"C:\Users\ThaMain1\IntelliOptics\IntelliOptics\docs\python-sdk\api-reference-docs\_static\css\fonts\fontawesome-webfont.svg@912ec66d7572ff821749319396470bde","447050","8/14/2025 10:58:54 AM"
"C:\Users\ThaMain1\IntelliOptics\IntelliOptics\docs\python-sdk\api-reference-docs\_static\css\fonts\fontawesome-webfont.ttf@b06871f281fee6b241d60582ae9369b9","165548","8/14/2025 10:58:54 AM"
"C:\Users\ThaMain1\IntelliOptics\IntelliOptics\docs\python-sdk\api-reference-docs\_static\css\fonts\fontawesome-webfont.woff@fee66e712a8a08eef5805a46892932ad","98024","8/14/2025 10:58:54 AM"
"C:\Users\ThaMain1\IntelliOptics\IntelliOptics\docs\python-sdk\api-reference-docs\_static\css\fonts\fontawesome-webfont.woff2@af7ae505a9eed503f8b8e6982036873e","77160","8/14/2025 10:58:54 AM"
"C:\Users\ThaMain1\IntelliOptics\IntelliOptics\docs\python-sdk\api-reference-docs\_static\css\fonts\lato-bold-italic.woff@9c7e4e9eb485b4a121c760e61bc3707c","323344","8/14/2025 10:58:54 AM"
"C:\Users\ThaMain1\IntelliOptics\IntelliOptics\docs\python-sdk\api-reference-docs\_static\css\fonts\lato-bold-italic.woff2@0b6bb6725576b072c5d0b02ecdd1900d","193308","8/14/2025 10:58:54 AM"
"C:\Users\ThaMain1\IntelliOptics\IntelliOptics\docs\python-sdk\api-reference-docs\_static\css\fonts\lato-bold.woff@d878b6c29b10beca227e9eef4246111b","309728","8/14/2025 10:58:54 AM"
"C:\Users\ThaMain1\IntelliOptics\IntelliOptics\docs\python-sdk\api-reference-docs\_static\css\fonts\lato-bold.woff2@cccb897485813c7c256901dbca54ecf2","184912","8/14/2025 10:58:54 AM"
"C:\Users\ThaMain1\IntelliOptics\IntelliOptics\docs\python-sdk\api-reference-docs\_static\css\fonts\lato-normal-italic.woff@f28f2d6482446544ef1ea1ccc6dd5892","328412","8/14/2025 10:58:54 AM"
"C:\Users\ThaMain1\IntelliOptics\IntelliOptics\docs\python-sdk\api-reference-docs\_static\css\fonts\lato-normal-italic.woff2@4eb103b4d12be57cb1d040ed5e162e9d","195704","8/14/2025 10:58:54 AM"
"C:\Users\ThaMain1\IntelliOptics\IntelliOptics\docs\python-sdk\api-reference-docs\_static\css\fonts\lato-normal.woff@27bd77b9162d388cb8d4c4217c7c5e2a","309192","8/14/2025 10:58:54 AM"
"C:\Users\ThaMain1\IntelliOptics\IntelliOptics\docs\python-sdk\api-reference-docs\_static\css\fonts\lato-normal.woff2@bd03a2cc277bbbc338d464e679fe9942","182708","8/14/2025 10:58:54 AM"
"C:\Users\ThaMain1\IntelliOptics\IntelliOptics\docs\python-sdk\api-reference-docs\_static\css\fonts\Roboto-Slab-Bold.woff@bed5564a116b05148e3b3bea6fb1162a","87624","8/14/2025 10:58:54 AM"
"C:\Users\ThaMain1\IntelliOptics\IntelliOptics\docs\python-sdk\api-reference-docs\_static\css\fonts\Roboto-Slab-Bold.woff2@9984f4a9bda09be08e83f2506954adbe","67312","8/14/2025 10:58:54 AM"
"C:\Users\ThaMain1\IntelliOptics\IntelliOptics\docs\python-sdk\api-reference-docs\_static\css\fonts\Roboto-Slab-Regular.woff@c1be9284088d487c5e3ff0a10a92e58c","86288","8/14/2025 10:58:54 AM"
"C:\Users\ThaMain1\IntelliOptics\IntelliOptics\docs\python-sdk\api-reference-docs\_static\css\fonts\Roboto-Slab-Regular.woff2@7abf5b8d04d26a2cafea937019bca958","66444","8/14/2025 10:58:54 AM"
"C:\Users\ThaMain1\IntelliOptics\IntelliOptics\docs\python-sdk\api-reference-docs\_static\css\theme.css","135288","8/14/2025 10:58:54 AM"
"C:\Users\ThaMain1\IntelliOptics\IntelliOptics\docs\python-sdk\api-reference-docs\_static\doctools.js@v=9a2dae69","4628","8/14/2025 10:58:54 AM"
"C:\Users\ThaMain1\IntelliOptics\IntelliOptics\docs\python-sdk\api-reference-docs\_static\documentation_options.js@v=2753bf86","341","8/14/2025 10:58:54 AM"
"C:\Users\ThaMain1\IntelliOptics\IntelliOptics\docs\python-sdk\api-reference-docs\_static\jquery.js@v=5d32c60e","89503","8/14/2025 10:58:54 AM"
"C:\Users\ThaMain1\IntelliOptics\IntelliOptics\docs\python-sdk\api-reference-docs\_static\js\theme.js","5023","8/14/2025 10:58:54 AM"
"C:\Users\ThaMain1\IntelliOptics\IntelliOptics\docs\python-sdk\api-reference-docs\_static\language_data.js","4957","8/14/2025 10:58:54 AM"
"C:\Users\ThaMain1\IntelliOptics\IntelliOptics\docs\python-sdk\api-reference-docs\_static\pygments.css","4922","8/14/2025 10:58:54 AM"
"C:\Users\ThaMain1\IntelliOptics\IntelliOptics\docs\python-sdk\api-reference-docs\_static\searchtools.js","21350","8/14/2025 10:58:54 AM"
"C:\Users\ThaMain1\IntelliOptics\IntelliOptics\docs\python-sdk\api-reference-docs\_static\sphinx_highlight.js@v=dc90522c","5277","8/14/2025 10:58:54 AM"
"C:\Users\ThaMain1\IntelliOptics\IntelliOptics\docs\python-sdk\api-reference-docs\genindex.html","22593","8/14/2025 10:58:54 AM"
"C:\Users\ThaMain1\IntelliOptics\IntelliOptics\docs\python-sdk\api-reference-docs\index.html","6876","8/14/2025 10:58:54 AM"
"C:\Users\ThaMain1\IntelliOptics\IntelliOptics\docs\python-sdk\api-reference-docs\models.html","623156","8/14/2025 10:58:54 AM"
"C:\Users\ThaMain1\IntelliOptics\IntelliOptics\docs\python-sdk\api-reference-docs\search.html","4372","8/14/2025 10:58:54 AM"
"C:\Users\ThaMain1\IntelliOptics\IntelliOptics\fourward\intellioptics\__init__.py","0","8/13/2025 3:09:02 PM"
"C:\Users\ThaMain1\IntelliOptics\IntelliOptics\fourward\intellioptics\client.py","3901","8/14/2025 10:58:54 AM"
"C:\Users\ThaMain1\IntelliOptics\IntelliOptics\fourward\intellioptics\config.py","77","8/13/2025 3:09:02 PM"
"C:\Users\ThaMain1\IntelliOptics\IntelliOptics\fourward\intellioptics\exceptions.py","217","8/13/2025 3:09:02 PM"
"C:\Users\ThaMain1\IntelliOptics\IntelliOptics\fourward\intellioptics\experimental.py","213","8/14/2025 10:44:40 AM"
"C:\Users\ThaMain1\IntelliOptics\IntelliOptics\fourward\intellioptics\models.py","482","8/14/2025 10:58:54 AM"
"C:\Users\ThaMain1\IntelliOptics\IntelliOptics\LICENSE","633","8/14/2025 10:58:54 AM"
"C:\Users\ThaMain1\IntelliOptics\IntelliOptics\pyproject.toml","346","8/14/2025 10:58:54 AM"
"C:\Users\ThaMain1\IntelliOptics\IntelliOptics\README.md","1878","8/14/2025 12:18:36 PM"
"C:\Users\ThaMain1\IntelliOptics\IntelliOptics\requirements.txt","122","8/14/2025 9:22:28 PM"
"C:\Users\ThaMain1\IntelliOptics\IntelliOptics\sdk\intellioptics.egg-info\dependency_links.txt","2","8/14/2025 6:49:22 PM"
"C:\Users\ThaMain1\IntelliOptics\IntelliOptics\sdk\intellioptics.egg-info\PKG-INFO","682","8/14/2025 6:49:22 PM"
"C:\Users\ThaMain1\IntelliOptics\IntelliOptics\sdk\intellioptics.egg-info\requires.txt","15","8/14/2025 6:49:22 PM"
"C:\Users\ThaMain1\IntelliOptics\IntelliOptics\sdk\intellioptics.egg-info\SOURCES.txt","319","8/14/2025 6:49:22 PM"
"C:\Users\ThaMain1\IntelliOptics\IntelliOptics\sdk\intellioptics.egg-info\top_level.txt","15","8/14/2025 6:49:22 PM"
"C:\Users\ThaMain1\IntelliOptics\IntelliOptics\sdk\intellioptics\__init__.py","125","8/14/2025 1:02:56 PM"
"C:\Users\ThaMain1\IntelliOptics\IntelliOptics\sdk\intellioptics\__pycache__\__init__.cpython-313.pyc","300","8/14/2025 6:49:22 PM"
"C:\Users\ThaMain1\IntelliOptics\IntelliOptics\sdk\intellioptics\__pycache__\client.cpython-313.pyc","6317","8/14/2025 6:49:22 PM"
"C:\Users\ThaMain1\IntelliOptics\IntelliOptics\sdk\intellioptics\__pycache__\exceptions.cpython-313.pyc","721","8/14/2025 6:49:22 PM"
"C:\Users\ThaMain1\IntelliOptics\IntelliOptics\sdk\intellioptics\__pycache__\types.cpython-313.pyc","1216","8/14/2025 6:49:22 PM"
"C:\Users\ThaMain1\IntelliOptics\IntelliOptics\sdk\intellioptics\client.py","3934","8/14/2025 1:02:56 PM"
"C:\Users\ThaMain1\IntelliOptics\IntelliOptics\sdk\intellioptics\exceptions.py","126","8/14/2025 1:02:56 PM"
"C:\Users\ThaMain1\IntelliOptics\IntelliOptics\sdk\intellioptics\types.py","461","8/14/2025 1:02:56 PM"
"C:\Users\ThaMain1\IntelliOptics\IntelliOptics\sdk\pyproject.toml","475","8/14/2025 6:49:22 PM"
"C:\Users\ThaMain1\IntelliOptics\IntelliOptics\sdk\README.md","362","8/14/2025 1:02:56 PM"
"C:\Users\ThaMain1\IntelliOptics\IntelliOptics\site\404.html","310","8/14/2025 12:18:36 PM"
"C:\Users\ThaMain1\IntelliOptics\IntelliOptics\site\index.html","310","8/14/2025 12:18:36 PM"
"C:\Users\ThaMain1\IntelliOptics\IntelliOptics\site\python-sdk\api-reference-docs\_sources\index.rst.txt","335","8/14/2025 10:58:54 AM"
"C:\Users\ThaMain1\IntelliOptics\IntelliOptics\site\python-sdk\api-reference-docs\_sources\models.rst.txt","717","8/14/2025 10:58:54 AM"
"C:\Users\ThaMain1\IntelliOptics\IntelliOptics\site\python-sdk\api-reference-docs\_static\_sphinx_javascript_frameworks_compat.js@v=2cd50e6c","4412","8/14/2025 10:58:54 AM"
"C:\Users\ThaMain1\IntelliOptics\IntelliOptics\site\python-sdk\api-reference-docs\_static\autodoc_pydantic.css","191","8/14/2025 10:58:54 AM"
"C:\Users\ThaMain1\IntelliOptics\IntelliOptics\site\python-sdk\api-reference-docs\_static\css\fonts\fontawesome-webfont.eot@674f50d287a8c48dc19ba404d20fe713","165742","8/14/2025 10:58:54 AM"
"C:\Users\ThaMain1\IntelliOptics\IntelliOptics\site\python-sdk\api-reference-docs\_static\css\fonts\fontawesome-webfont.eot@674f50d287a8c48dc19ba404d20fe713%3F","165742","8/14/2025 10:58:54 AM"
"C:\Users\ThaMain1\IntelliOptics\IntelliOptics\site\python-sdk\api-reference-docs\_static\css\fonts\fontawesome-webfont.svg@912ec66d7572ff821749319396470bde","447050","8/14/2025 10:58:54 AM"
"C:\Users\ThaMain1\IntelliOptics\IntelliOptics\site\python-sdk\api-reference-docs\_static\css\fonts\fontawesome-webfont.ttf@b06871f281fee6b241d60582ae9369b9","165548","8/14/2025 10:58:54 AM"
"C:\Users\ThaMain1\IntelliOptics\IntelliOptics\site\python-sdk\api-reference-docs\_static\css\fonts\fontawesome-webfont.woff@fee66e712a8a08eef5805a46892932ad","98024","8/14/2025 10:58:54 AM"
"C:\Users\ThaMain1\IntelliOptics\IntelliOptics\site\python-sdk\api-reference-docs\_static\css\fonts\fontawesome-webfont.woff2@af7ae505a9eed503f8b8e6982036873e","77160","8/14/2025 10:58:54 AM"
"C:\Users\ThaMain1\IntelliOptics\IntelliOptics\site\python-sdk\api-reference-docs\_static\css\fonts\lato-bold-italic.woff@9c7e4e9eb485b4a121c760e61bc3707c","323344","8/14/2025 10:58:54 AM"
"C:\Users\ThaMain1\IntelliOptics\IntelliOptics\site\python-sdk\api-reference-docs\_static\css\fonts\lato-bold-italic.woff2@0b6bb6725576b072c5d0b02ecdd1900d","193308","8/14/2025 10:58:54 AM"
"C:\Users\ThaMain1\IntelliOptics\IntelliOptics\site\python-sdk\api-reference-docs\_static\css\fonts\lato-bold.woff@d878b6c29b10beca227e9eef4246111b","309728","8/14/2025 10:58:54 AM"
"C:\Users\ThaMain1\IntelliOptics\IntelliOptics\site\python-sdk\api-reference-docs\_static\css\fonts\lato-bold.woff2@cccb897485813c7c256901dbca54ecf2","184912","8/14/2025 10:58:54 AM"
"C:\Users\ThaMain1\IntelliOptics\IntelliOptics\site\python-sdk\api-reference-docs\_static\css\fonts\lato-normal-italic.woff@f28f2d6482446544ef1ea1ccc6dd5892","328412","8/14/2025 10:58:54 AM"
"C:\Users\ThaMain1\IntelliOptics\IntelliOptics\site\python-sdk\api-reference-docs\_static\css\fonts\lato-normal-italic.woff2@4eb103b4d12be57cb1d040ed5e162e9d","195704","8/14/2025 10:58:54 AM"
"C:\Users\ThaMain1\IntelliOptics\IntelliOptics\site\python-sdk\api-reference-docs\_static\css\fonts\lato-normal.woff@27bd77b9162d388cb8d4c4217c7c5e2a","309192","8/14/2025 10:58:54 AM"
"C:\Users\ThaMain1\IntelliOptics\IntelliOptics\site\python-sdk\api-reference-docs\_static\css\fonts\lato-normal.woff2@bd03a2cc277bbbc338d464e679fe9942","182708","8/14/2025 10:58:54 AM"
"C:\Users\ThaMain1\IntelliOptics\IntelliOptics\site\python-sdk\api-reference-docs\_static\css\fonts\Roboto-Slab-Bold.woff@bed5564a116b05148e3b3bea6fb1162a","87624","8/14/2025 10:58:54 AM"
"C:\Users\ThaMain1\IntelliOptics\IntelliOptics\site\python-sdk\api-reference-docs\_static\css\fonts\Roboto-Slab-Bold.woff2@9984f4a9bda09be08e83f2506954adbe","67312","8/14/2025 10:58:54 AM"
"C:\Users\ThaMain1\IntelliOptics\IntelliOptics\site\python-sdk\api-reference-docs\_static\css\fonts\Roboto-Slab-Regular.woff@c1be9284088d487c5e3ff0a10a92e58c","86288","8/14/2025 10:58:54 AM"
"C:\Users\ThaMain1\IntelliOptics\IntelliOptics\site\python-sdk\api-reference-docs\_static\css\fonts\Roboto-Slab-Regular.woff2@7abf5b8d04d26a2cafea937019bca958","66444","8/14/2025 10:58:54 AM"
"C:\Users\ThaMain1\IntelliOptics\IntelliOptics\site\python-sdk\api-reference-docs\_static\css\theme.css","135288","8/14/2025 10:58:54 AM"
"C:\Users\ThaMain1\IntelliOptics\IntelliOptics\site\python-sdk\api-reference-docs\_static\doctools.js@v=9a2dae69","4628","8/14/2025 10:58:54 AM"
"C:\Users\ThaMain1\IntelliOptics\IntelliOptics\site\python-sdk\api-reference-docs\_static\documentation_options.js@v=2753bf86","341","8/14/2025 10:58:54 AM"
"C:\Users\ThaMain1\IntelliOptics\IntelliOptics\site\python-sdk\api-reference-docs\_static\jquery.js@v=5d32c60e","89503","8/14/2025 10:58:54 AM"
"C:\Users\ThaMain1\IntelliOptics\IntelliOptics\site\python-sdk\api-reference-docs\_static\js\theme.js","5023","8/14/2025 10:58:54 AM"
"C:\Users\ThaMain1\IntelliOptics\IntelliOptics\site\python-sdk\api-reference-docs\_static\language_data.js","4957","8/14/2025 10:58:54 AM"
"C:\Users\ThaMain1\IntelliOptics\IntelliOptics\site\python-sdk\api-reference-docs\_static\pygments.css","4922","8/14/2025 10:58:54 AM"
"C:\Users\ThaMain1\IntelliOptics\IntelliOptics\site\python-sdk\api-reference-docs\_static\searchtools.js","21350","8/14/2025 10:58:54 AM"
"C:\Users\ThaMain1\IntelliOptics\IntelliOptics\site\python-sdk\api-reference-docs\_static\sphinx_highlight.js@v=dc90522c","5277","8/14/2025 10:58:54 AM"
"C:\Users\ThaMain1\IntelliOptics\IntelliOptics\site\python-sdk\api-reference-docs\genindex.html","22593","8/14/2025 10:58:54 AM"
"C:\Users\ThaMain1\IntelliOptics\IntelliOptics\site\python-sdk\api-reference-docs\index.html","6876","8/14/2025 10:58:54 AM"
"C:\Users\ThaMain1\IntelliOptics\IntelliOptics\site\python-sdk\api-reference-docs\models.html","623156","8/14/2025 10:58:54 AM"
"C:\Users\ThaMain1\IntelliOptics\IntelliOptics\site\python-sdk\api-reference-docs\search.html","4372","8/14/2025 10:58:54 AM"
"C:\Users\ThaMain1\IntelliOptics\IntelliOptics\startup.sh","781","8/14/2025 6:49:22 PM"
"C:\Users\ThaMain1\IntelliOptics\IntelliOptics\tests\test_client.py","371","8/14/2025 10:58:54 AM"
"C:\Users\ThaMain1\IntelliOptics\IntelliOptics\tools\build-site.ps1","1373","8/14/2025 12:23:18 PM"
"C:\Users\ThaMain1\IntelliOptics\LICENSE","633","8/14/2025 10:58:53 AM"
"C:\Users\ThaMain1\IntelliOptics\make_io_sdk_zip.ps1","12535","8/18/2025 4:17:18 PM"
"C:\Users\ThaMain1\IntelliOptics\pyproject.toml.BROKEN","346","8/14/2025 10:58:53 AM"
"C:\Users\ThaMain1\IntelliOptics\README.md","1878","8/14/2025 12:18:34 PM"
"C:\Users\ThaMain1\IntelliOptics\requirements.txt","224","8/21/2025 7:31:21 AM"
"C:\Users\ThaMain1\IntelliOptics\sdk\intellioptics.egg-info\dependency_links.txt","2","8/14/2025 6:49:21 PM"
"C:\Users\ThaMain1\IntelliOptics\sdk\intellioptics.egg-info\PKG-INFO","682","8/14/2025 6:49:21 PM"
"C:\Users\ThaMain1\IntelliOptics\sdk\intellioptics.egg-info\requires.txt","15","8/14/2025 6:49:21 PM"
"C:\Users\ThaMain1\IntelliOptics\sdk\intellioptics.egg-info\SOURCES.txt","319","8/14/2025 6:49:21 PM"
"C:\Users\ThaMain1\IntelliOptics\sdk\intellioptics.egg-info\top_level.txt","15","8/14/2025 6:49:21 PM"
"C:\Users\ThaMain1\IntelliOptics\sdk\intellioptics\__init__.py","125","8/14/2025 1:02:54 PM"
"C:\Users\ThaMain1\IntelliOptics\sdk\intellioptics\__pycache__\__init__.cpython-313.pyc","300","8/14/2025 6:49:21 PM"
"C:\Users\ThaMain1\IntelliOptics\sdk\intellioptics\__pycache__\client.cpython-313.pyc","6317","8/14/2025 6:49:21 PM"
"C:\Users\ThaMain1\IntelliOptics\sdk\intellioptics\__pycache__\exceptions.cpython-313.pyc","721","8/14/2025 6:49:21 PM"
"C:\Users\ThaMain1\IntelliOptics\sdk\intellioptics\__pycache__\types.cpython-313.pyc","1216","8/14/2025 6:49:21 PM"
"C:\Users\ThaMain1\IntelliOptics\sdk\intellioptics\client.py","3934","8/14/2025 1:02:54 PM"
"C:\Users\ThaMain1\IntelliOptics\sdk\intellioptics\exceptions.py","126","8/14/2025 1:02:54 PM"
"C:\Users\ThaMain1\IntelliOptics\sdk\intellioptics\types.py","461","8/14/2025 1:02:54 PM"
"C:\Users\ThaMain1\IntelliOptics\sdk\pyproject.toml","475","8/14/2025 6:49:21 PM"
"C:\Users\ThaMain1\IntelliOptics\sdk\README.md","362","8/14/2025 1:02:54 PM"
"C:\Users\ThaMain1\IntelliOptics\site\404.html","310","8/14/2025 12:18:34 PM"
"C:\Users\ThaMain1\IntelliOptics\site\index.html","310","8/14/2025 12:18:34 PM"
"C:\Users\ThaMain1\IntelliOptics\site\python-sdk\api-reference-docs\_sources\index.rst.txt","335","8/14/2025 10:58:53 AM"
"C:\Users\ThaMain1\IntelliOptics\site\python-sdk\api-reference-docs\_sources\models.rst.txt","717","8/14/2025 10:58:53 AM"
"C:\Users\ThaMain1\IntelliOptics\site\python-sdk\api-reference-docs\_static\_sphinx_javascript_frameworks_compat.js@v=2cd50e6c","4412","8/14/2025 10:58:53 AM"
"C:\Users\ThaMain1\IntelliOptics\site\python-sdk\api-reference-docs\_static\autodoc_pydantic.css","191","8/14/2025 10:58:53 AM"
"C:\Users\ThaMain1\IntelliOptics\site\python-sdk\api-reference-docs\_static\css\fonts\fontawesome-webfont.eot@674f50d287a8c48dc19ba404d20fe713","165742","8/14/2025 10:58:53 AM"
"C:\Users\ThaMain1\IntelliOptics\site\python-sdk\api-reference-docs\_static\css\fonts\fontawesome-webfont.eot@674f50d287a8c48dc19ba404d20fe713%3F","165742","8/14/2025 10:58:53 AM"
"C:\Users\ThaMain1\IntelliOptics\site\python-sdk\api-reference-docs\_static\css\fonts\fontawesome-webfont.svg@912ec66d7572ff821749319396470bde","447050","8/14/2025 10:58:53 AM"
"C:\Users\ThaMain1\IntelliOptics\site\python-sdk\api-reference-docs\_static\css\fonts\fontawesome-webfont.ttf@b06871f281fee6b241d60582ae9369b9","165548","8/14/2025 10:58:53 AM"
"C:\Users\ThaMain1\IntelliOptics\site\python-sdk\api-reference-docs\_static\css\fonts\fontawesome-webfont.woff@fee66e712a8a08eef5805a46892932ad","98024","8/14/2025 10:58:53 AM"
"C:\Users\ThaMain1\IntelliOptics\site\python-sdk\api-reference-docs\_static\css\fonts\fontawesome-webfont.woff2@af7ae505a9eed503f8b8e6982036873e","77160","8/14/2025 10:58:53 AM"
"C:\Users\ThaMain1\IntelliOptics\site\python-sdk\api-reference-docs\_static\css\fonts\lato-bold-italic.woff@9c7e4e9eb485b4a121c760e61bc3707c","323344","8/14/2025 10:58:53 AM"
"C:\Users\ThaMain1\IntelliOptics\site\python-sdk\api-reference-docs\_static\css\fonts\lato-bold-italic.woff2@0b6bb6725576b072c5d0b02ecdd1900d","193308","8/14/2025 10:58:53 AM"
"C:\Users\ThaMain1\IntelliOptics\site\python-sdk\api-reference-docs\_static\css\fonts\lato-bold.woff@d878b6c29b10beca227e9eef4246111b","309728","8/14/2025 10:58:53 AM"
"C:\Users\ThaMain1\IntelliOptics\site\python-sdk\api-reference-docs\_static\css\fonts\lato-bold.woff2@cccb897485813c7c256901dbca54ecf2","184912","8/14/2025 10:58:53 AM"
"C:\Users\ThaMain1\IntelliOptics\site\python-sdk\api-reference-docs\_static\css\fonts\lato-normal-italic.woff@f28f2d6482446544ef1ea1ccc6dd5892","328412","8/14/2025 10:58:53 AM"
"C:\Users\ThaMain1\IntelliOptics\site\python-sdk\api-reference-docs\_static\css\fonts\lato-normal-italic.woff2@4eb103b4d12be57cb1d040ed5e162e9d","195704","8/14/2025 10:58:53 AM"
"C:\Users\ThaMain1\IntelliOptics\site\python-sdk\api-reference-docs\_static\css\fonts\lato-normal.woff@27bd77b9162d388cb8d4c4217c7c5e2a","309192","8/14/2025 10:58:53 AM"
"C:\Users\ThaMain1\IntelliOptics\site\python-sdk\api-reference-docs\_static\css\fonts\lato-normal.woff2@bd03a2cc277bbbc338d464e679fe9942","182708","8/14/2025 10:58:53 AM"
"C:\Users\ThaMain1\IntelliOptics\site\python-sdk\api-reference-docs\_static\css\fonts\Roboto-Slab-Bold.woff@bed5564a116b05148e3b3bea6fb1162a","87624","8/14/2025 10:58:53 AM"
"C:\Users\ThaMain1\IntelliOptics\site\python-sdk\api-reference-docs\_static\css\fonts\Roboto-Slab-Bold.woff2@9984f4a9bda09be08e83f2506954adbe","67312","8/14/2025 10:58:53 AM"
"C:\Users\ThaMain1\IntelliOptics\site\python-sdk\api-reference-docs\_static\css\fonts\Roboto-Slab-Regular.woff@c1be9284088d487c5e3ff0a10a92e58c","86288","8/14/2025 10:58:53 AM"
"C:\Users\ThaMain1\IntelliOptics\site\python-sdk\api-reference-docs\_static\css\fonts\Roboto-Slab-Regular.woff2@7abf5b8d04d26a2cafea937019bca958","66444","8/14/2025 10:58:53 AM"
"C:\Users\ThaMain1\IntelliOptics\site\python-sdk\api-reference-docs\_static\css\theme.css","135288","8/14/2025 10:58:53 AM"
"C:\Users\ThaMain1\IntelliOptics\site\python-sdk\api-reference-docs\_static\doctools.js@v=9a2dae69","4628","8/14/2025 10:58:53 AM"
"C:\Users\ThaMain1\IntelliOptics\site\python-sdk\api-reference-docs\_static\documentation_options.js@v=2753bf86","341","8/14/2025 10:58:53 AM"
"C:\Users\ThaMain1\IntelliOptics\site\python-sdk\api-reference-docs\_static\jquery.js@v=5d32c60e","89503","8/14/2025 10:58:53 AM"
"C:\Users\ThaMain1\IntelliOptics\site\python-sdk\api-reference-docs\_static\js\theme.js","5023","8/14/2025 10:58:53 AM"
"C:\Users\ThaMain1\IntelliOptics\site\python-sdk\api-reference-docs\_static\language_data.js","4957","8/14/2025 10:58:53 AM"
"C:\Users\ThaMain1\IntelliOptics\site\python-sdk\api-reference-docs\_static\pygments.css","4922","8/14/2025 10:58:53 AM"
"C:\Users\ThaMain1\IntelliOptics\site\python-sdk\api-reference-docs\_static\searchtools.js","21350","8/14/2025 10:58:53 AM"
"C:\Users\ThaMain1\IntelliOptics\site\python-sdk\api-reference-docs\_static\sphinx_highlight.js@v=dc90522c","5277","8/14/2025 10:58:53 AM"
"C:\Users\ThaMain1\IntelliOptics\site\python-sdk\api-reference-docs\genindex.html","22593","8/14/2025 10:58:53 AM"
"C:\Users\ThaMain1\IntelliOptics\site\python-sdk\api-reference-docs\index.html","6876","8/14/2025 10:58:53 AM"
"C:\Users\ThaMain1\IntelliOptics\site\python-sdk\api-reference-docs\models.html","623156","8/14/2025 10:58:53 AM"
"C:\Users\ThaMain1\IntelliOptics\site\python-sdk\api-reference-docs\search.html","4372","8/14/2025 10:58:53 AM"
"C:\Users\ThaMain1\IntelliOptics\startup.sh","781","8/14/2025 6:49:21 PM"
"C:\Users\ThaMain1\IntelliOptics\templogs.txt","84274","8/25/2025 4:42:45 AM"
"C:\Users\ThaMain1\IntelliOptics\test.jpg","35560","8/23/2025 10:35:37 AM"
"C:\Users\ThaMain1\IntelliOptics\tests\test_client.py","371","8/14/2025 10:58:53 AM"
"C:\Users\ThaMain1\IntelliOptics\tools\build-site.ps1","1373","8/14/2025 12:23:17 PM"
"C:\Users\ThaMain1\IntelliOptics\transfer chat.txt","13679","8/26/2025 7:00:15 PM"
"C:\Users\ThaMain1\IntelliOptics\worker-aci.yaml","3056","8/23/2025 8:27:29 AM"
